flan_gsm.py,4.0
mistral_gsm.py,8.188021228203183
mistral_instruct.py,8.491281273692191
mistral_math.py,51.92024621972434
flan_gsm.py,3.7037037037037033
mistral_gsm.py,7.429871114480667
mistral_instruct.py,7.420494699646643
mistral_math.py,51.92024621972434
flan_gsm.py,3.7037037037037033
mistral_gsm.py,7.429871114480667
mistral_instruct.py,8.567096285064443
mistral_math.py,51.92024621972434
mistral_gsm.py,7.429871114480667
mistral_instruct.py,8.567096285064443
mistral_math.py,22.062168309325248
